Pair,Importance
191-193,0.4191632787245353
298-300,0.3909443754780464
124-225,0.3253167146192474
208-271,0.2509025356246438
187-189,0.234192269747466
154-161,0.2305975965039582
131-255,0.2229367837524387
199-207,0.2165415101811925
127-223,0.2160577924162833
156-196,0.2157644059716736
197-207,0.2152404395201074
123-300,0.2024744531364406
157-161,0.1969755108282893
251-263,0.1854935516069848
76-178,0.17759424701821
256-287,0.1642309436279491
297-299,0.1553180013848722
83-148,0.1454895422548645
129-294,0.1372059700868826
124-300,0.1312795175681286
207-274,0.1293205744845195
259-283,0.1158048062559463
50-104,0.1095460313035533
180-182,0.1057634347865366
161-175,0.1048285406435722
89-141,0.0993192673720096
123-299,0.090234449182124
133-168,0.0800264394237932
192-195,0.0790815878450837
165-169,0.0783961041853076
81-90,0.0684251198112299
76-80,0.0676357674411674
131-256,0.0657729262807605
76-79,0.0647405011678128
194-243,0.0642491385461607
107-110,0.0632140403477133
159-195,0.0614059345811513
53-106,0.0606973461115405
116-122,0.0594086429030748
40-53,0.0567468877867816
259-284,0.0558536152458146
158-214,0.0544434503003205
251-264,0.0523634922415601
219-255,0.0521347342414056
64-99,0.0497933456576959
81-174,0.048203131541977
256-291,0.043892658936620296
301-303,0.0423878414543651
183-185,0.0422139394945733
114-160,0.041385864695691096
213-229,0.0401351352234425
42-61,0.0396084818474789
39-59,0.0395265034625368
215-259,0.0342545884145749
232-238,0.0325179223799174
83-149,0.0293834452370174
193-239,0.0261691247289648
108-167,0.024286083028494297
189-191,0.018607124840541202
172-174,0.018380180593892098
