Pair,Importance
298-300,2.41489794
191-193,1.03088037
180-183,0.49288773999999996
208-277,0.294532504
184-186,0.166451259
145-154,0.08564100699999999
192-194,0.084765877
48-70,0.071407607
155-177,0.0592778714
197-207,0.0431981922
