Pair,Importance
73-177,0.4824312428742293
191-193,0.4349826974992222
141-208,0.3414510523648472
208-211,0.2993092877458112
208-212,0.2517445381245833
206-210,0.21322479756620769
197-207,0.1989544503168194
208-276,0.198863860727236
192-194,0.1975200313741147
76-177,0.1931461505925633
63-176,0.1885094669035959
208-271,0.1785766859169586
208-277,0.1612332283867176
161-176,0.1312144619375088
298-300,0.1232560817825212
207-271,0.1056647055953453
154-156,0.08122497702458059
199-207,0.0796004335257543
76-176,0.0768246821699114
77-176,0.0755251669881406
208-278,0.0690190789715853
77-178,0.068849670565669
123-302,0.0663022777894602
124-302,0.0595561032455725
122-302,0.052515361845302796
293-295,0.0478341926031745
207-211,0.0438861930089759
156-206,0.041169502368626
207-274,0.0375484904142684
154-177,0.0339932678444055
259-291,0.0316813777217375
262-287,0.030721866785704398
48-70,0.0303639252574225
65-70,0.0283184644683416
154-211,0.0266793953942038
259-283,0.0257546637528858
47-177,0.0250692464600046
131-255,0.023128877183631952
44-70,0.022747219725009198
128-292,0.0222837934919747
66-70,0.0220393086083261
131-256,0.0200685309368418
288-294,0.015239352767369999
70-74,0.0134740383874728
223-259,0.010074524417206883
77-177,0.0095080957646443
129-294,0.00909414525809434
122-301,0.0070808547074699005
47-70,0.0067571307475738
144-153,0.0059635830891956
228-230,0.005785095929073361
113-195,0.0057065739365114
132-294,0.00501483237626996
234-238,0.0048548194851493
69-72,0.003972047463756865
121-302,0.0031500261088586003
63-74,0.0030833506686077
129-297,0.002913890865274083
158-214,0.0028505976649757002
66-71,0.0027571033668786
