,Importance,Cumulative
208-211,0.80007493,0.80007493
48-70,0.054061048,0.854136
65-70,0.053049278,0.90718526
184-206,0.032859072,0.94004434
66-70,0.014257382,0.9543017
208-271,0.011294778,0.9655965
197-207,0.00813305,0.97372955
191-193,0.004847434,0.97857696
208-277,0.0046357233,0.9832127
156-196,0.0033664699,0.9865792
206-210,0.0030556738,0.9896349
156-210,0.002789,0.9924239
45-48,0.001629717,0.9940536
71-75,0.00095827266,0.99501187
208-276,0.00077583804,0.9957877
165-167,0.0007578355,0.9965455
200-206,0.0006720518,0.99721754
47-74,0.00061980664,0.99783736
50-104,0.0005951251,0.9984325
42-106,0.00045784094,0.99889034
52-54,0.00034326536,0.9992336
44-48,0.00024197184,0.9994756
192-194,0.0001437779,0.99961936
154-211,0.00012920567,0.9997486
53-106,0.000118558746,0.99986714
160-195,9.003173e-05,0.99995714
108-167,4.2831325e-05,1.0
133-168,0.0,1.0
128-293,0.0,1.0
126-295,0.0,1.0
133-170,0.0,1.0
126-294,0.0,1.0
134-171,0.0,1.0
122-301,0.0,1.0
90-175,0.0,1.0
87-170,0.0,1.0
70-74,0.0,1.0
69-72,0.0,1.0
66-71,0.0,1.0
47-102,0.0,1.0
47-70,0.0,1.0
39-59,0.0,1.0
37-39,0.0,1.0
32-55,0.0,1.0
68-72,0.0,1.0
208-212,0.0,1.0
207-211,0.0,1.0
198-248,0.0,1.0
197-243,0.0,1.0
42-61,0.0,1.0
64-99,0.0,1.0
63-77,0.0,1.0
62-96,0.0,1.0
47-178,0.0,1.0
194-217,0.0,1.0
193-240,0.0,1.0
193-196,0.0,1.0
192-195,0.0,1.0
161-163,0.0,1.0
183-206,0.0,1.0
183-185,0.0,1.0
174-176,0.0,1.0
168-170,0.0,1.0
167-297,0.0,1.0
165-169,0.0,1.0
165-168,0.0,1.0
294-296,0.0,1.0
158-192,0.0,1.0
155-178,0.0,1.0
146-151,0.0,1.0
145-211,0.0,1.0
145-154,0.0,1.0
136-169,0.0,1.0
186-200,0.0,1.0
109-168,0.0,1.0
108-166,0.0,1.0
107-164,0.0,1.0
107-110,0.0,1.0
90-165,0.0,1.0
89-141,0.0,1.0
85-91,0.0,1.0
85-89,0.0,1.0
83-152,0.0,1.0
83-150,0.0,1.0
83-149,0.0,1.0
83-148,0.0,1.0
81-174,0.0,1.0
81-90,0.0,1.0
232-238,0.0,1.0
80-176,0.0,1.0
77-178,0.0,1.0
77-175,0.0,1.0
76-178,0.0,1.0
72-76,0.0,1.0
244-248,0.0,1.0
243-249,0.0,1.0
226-230,0.0,1.0
223-263,0.0,1.0
223-259,0.0,1.0
220-229,0.0,1.0
28-94,0.0,1.0
275-283,0.0,1.0
44-49,0.0,1.0
81-89,0.0,1.0
259-283,0.0,1.0
256-287,0.0,1.0
252-267,0.0,1.0
244-269,0.0,1.0
232-247,0.0,1.0
232-242,0.0,1.0
219-255,0.0,1.0
217-229,0.0,1.0
215-259,0.0,1.0
213-229,0.0,1.0
209-277,0.0,1.0
207-274,0.0,1.0
207-271,0.0,1.0
202-204,0.0,1.0
113-195,0.0,1.0
199-204,0.0,1.0
182-184,0.0,1.0
169-298,0.0,1.0
168-297,0.0,1.0
161-176,0.0,1.0
159-195,0.0,1.0
158-214,0.0,1.0
154-161,0.0,1.0
131-256,0.0,1.0
131-255,0.0,1.0
129-298,0.0,1.0
127-291,0.0,1.0
116-133,0.0,1.0
116-122,0.0,1.0
199-207,0.0,1.0
