Pair,Importance
208-211,4.03692747
48-70,0.262709938
65-70,0.25038971824
184-206,0.157466269
208-271,0.066629057
191-193,0.0391592192
66-70,0.033520107
197-207,0.0235865829
45-48,0.0190105499
156-196,0.0188364574
