Pair,Importance
124-225,0.2598342596083697
191-193,0.2597986120986902
154-156,0.2262006125075861
298-300,0.2015621053621868
161-176,0.19479395405058708
197-207,0.1888517393167039
182-184,0.18447277936287299
199-207,0.18211568239510278
154-177,0.166883568556623
77-178,0.1597317386747755
207-274,0.149398447153598
154-211,0.1468614859818067
144-153,0.1467246052873653
208-271,0.1385508034228132
207-271,0.1378338356451462
49-66,0.1242030817911658
76-178,0.1213209728570574
156-211,0.1202547048345212
156-210,0.1067904179955454
46-63,0.1053979650207088
145-153,0.101178691631265
85-89,0.0981652387663631
133-168,0.0933935821746556
62-96,0.09296756958285321
123-299,0.0873730479636898
158-214,0.08599925851926579
256-287,0.0840164628845012
297-299,0.0815496564723501
234-238,0.0749578494920684
259-283,0.0681796944041573
213-229,0.064828356638093
209-277,0.0625414331303671
155-211,0.0589287177039783
85-91,0.0533680200637193
129-297,0.0528941903383651
232-242,0.047699723888120604
131-255,0.0464153472877444
219-255,0.045557146079986
113-195,0.0452783536946876
227-230,0.0452512247258393
244-269,0.042037624685231506
232-238,0.0418298710853322
259-284,0.0412619883744589
217-248,0.0394945661531674
37-39,0.0373710667205661
42-61,0.0368177850182129
228-230,0.035471560027615597
83-148,0.0353875398772632
215-259,0.0353708289351293
232-247,0.0339891408678399
128-293,0.0326338145997114
42-106,0.030372893229919297
160-195,0.029695258842050598
213-269,0.029029806710750502
201-241,0.028491964494932
146-151,0.027831923895919097
131-256,0.027248441613548002
168-297,0.0272183307702329
193-240,0.0265221796920244
201-237,0.024933045473098298
