Pair,Importance
208-271,0.36969200523097967
208-211,0.3655023501922421
184-206,0.3287268163570254
199-207,0.3257175180064825
208-277,0.3180821951551936
208-212,0.2649765027565949
207-274,0.24317280697147658
156-196,0.187973966078687
206-210,0.1852731391632319
158-192,0.1788818301191211
208-276,0.1601444137685629
154-211,0.157109770188099
160-195,0.1462612533334777
200-206,0.1341503492728823
48-70,0.1082888076823006
197-207,0.1068241207507561
113-195,0.1000419449090446
145-154,0.0955182591618145
183-206,0.0804390229610359
65-70,0.0773548407213486
207-211,0.0747534280310788
191-193,0.0692419953468383
47-70,0.0687462616556031
66-70,0.0572228840970941
207-271,0.0541711301698639
192-194,0.0512219991825063
145-211,0.0467800523188722
155-178,0.0445078925891295
68-72,0.043180524431551
161-176,0.0395376135259321
66-71,0.0389996481814481
44-49,0.0374888558177559
156-210,0.0366480810090245
44-48,0.0333091132566493
213-229,0.0321363885950884
45-48,0.0288153342881359
69-72,0.027916080120612398
217-229,0.0253726630323147
47-102,0.0230922102978003
154-161,0.017751692988947
159-195,0.0173405567787107
81-174,0.0149476326941908
259-283,0.0142077198174183
215-259,0.0131290018772161
186-200,0.0126472179922147
83-152,0.0100783713060268
232-247,0.0100027711044631
70-74,0.0096496608809433
232-242,0.0082879848828678
158-214,0.0077197418847679
107-110,0.0076563980205873
47-74,0.0072369697982022
193-196,0.0071165303954747
107-164,0.0052664982647983
183-185,0.0045748440787281
122-301,0.0044424126734176
129-298,0.0039061874795564993
71-75,0.0038802157721371
109-168,0.0037196542215851
294-296,0.003033749819798144
