Pair,Importance
89-141,0.04543904210421649
81-89,0.04158429070736274
259-291,0.03681706280849239
77-175,0.03112503972260189
232-238,0.029931784765246803
256-291,0.029537107438298803
155-177,0.02886486092041095
288-294,0.028296792741387494
94-102,0.026797184578915476
301-303,0.026450140818594963
195-228,0.02564430494857266
213-229,0.024028821972275172
262-287,0.022704824895997653
161-176,0.022060003819000806
114-160,0.02164819836866788
83-149,0.021022568181472957
208-211,0.020177515010642508
124-225,0.01936539971096796
199-207,0.018287804534463166
81-90,0.018156959826974028
191-193,0.017533886698447184
47-74,0.016478944716491046
116-218,0.015529055120020988
83-148,0.014626451708282839
63-77,0.014190864617184098
116-122,0.013084178794124754
207-274,0.012661636774886553
208-276,0.012571772607545726
215-259,0.012297712306264849
87-170,0.01212500781058068
132-294,0.011712063479497244
81-174,0.01130180853606784
179-183,0.01120962539876715
122-301,0.01065638784991608
145-154,0.010211081052806029
129-294,0.010083733753931352
145-155,0.010066186088907804
259-283,0.00899043795325124
208-277,0.008450456020760826
145-211,0.007780990219078694
154-161,0.007442871450589962
146-151,0.006986835898270804
131-256,0.006904729673338034
32-55,0.0065366661934715175
123-299,0.006240809132925453
58-93,0.006141969822302702
76-178,0.006004062770709324
189-191,0.005906689480942283
208-271,0.005843409244138102
80-176,0.005836645311270654
206-210,0.005741316861303761
293-295,0.004864747746570645
156-196,0.004257298895820866
83-150,0.003902076111169255
113-195,0.0038154018950773065
121-303,0.0037907914714161877
297-299,0.00255785667821898
39-59,0.0024023290975046427
172-174,0.0018213386717962085
200-206,0.0
168-297,0.0
197-207,0.0
124-300,0.0
128-292,0.0
53-106,0.0
50-104,0.0
