Pair,Importance
47-74,0.04673596920804882
206-210,0.037476575873784716
200-206,0.03628816332747414
63-77,0.028305253036575228
208-271,0.025645354166089696
262-287,0.024838393697358834
301-303,0.022769634718013243
191-193,0.02253569893045354
39-59,0.0223728589360188
145-211,0.022312077870795685
80-176,0.020324601876052468
161-176,0.020205108688947086
81-89,0.019041013587902098
179-183,0.01868038153010829
124-225,0.018170000480687714
208-211,0.0181408442284405
81-90,0.01751556838956451
213-229,0.01714516423519892
87-170,0.016710833551793865
154-161,0.016076300817932102
76-178,0.016029708348868514
256-291,0.014358389710394772
116-122,0.01421570912244948
53-106,0.01413934207799387
197-207,0.013384542615662272
155-177,0.0133102567895466
172-174,0.012632058229357127
132-294,0.011953935971512467
145-155,0.01180204547552982
168-297,0.011189363733259523
94-102,0.01107080366467524
297-299,0.01106525570980682
50-104,0.010927569484740144
83-148,0.010716969348050049
77-175,0.010445943825828502
123-299,0.010404337171522822
208-276,0.00943288675097547
129-294,0.008857543639581446
116-218,0.008570962104682686
293-295,0.008463455341950457
195-228,0.008258002810019418
145-154,0.008020355809379244
81-174,0.007219147118413464
232-238,0.006639142150205907
124-300,0.006577463423924303
131-256,0.006475632957332754
208-277,0.006124495770873835
215-259,0.004932622117951337
32-55,0.004647007355426829
259-291,0.004281083303379031
189-191,0.0042698272057254995
114-160,0.003676865949662682
113-195,0.0031944908478603955
83-150,0.002907978701781645
156-196,0.001864077045580466
146-151,0.0018327100927262331
207-274,0.001655497318607197
122-301,0.0015665063443929123
128-292,0.0014080103166020277
83-149,0.0005259224581986208
259-283,0.0002928087893742794
89-141,0.00012142598920131763
121-303,0.0
58-93,0.0
288-294,0.0
199-207,0.0
