Pair,Importance
191-193,0.4347803394634276
298-300,0.3568468478480306
199-207,0.3362661355649892
192-194,0.3315004260058658
197-207,0.3189961080007278
208-271,0.25758140217213976
206-210,0.2508887063801461
262-287,0.1994848489281537
256-287,0.1870568523382916
122-302,0.16795995351067372
208-276,0.1280649121969718
200-206,0.1258566436611698
259-283,0.1204855510764955
123-300,0.1131086582988359
131-255,0.1030424433265116
208-277,0.1025173436362177
208-211,0.10142742683704191
157-161,0.0967879086360174
180-183,0.0903383188240176
131-256,0.07062163378942189
145-155,0.0638503819935449
65-70,0.0536197267527809
179-183,0.0471329885619431
121-302,0.0470045572072542
68-72,0.0444762754701505
44-70,0.044278492939943404
145-154,0.0439652589619603
48-70,0.043343658973545696
124-302,0.0428846546962201
66-70,0.0400791645273436
154-162,0.039003716594792
184-186,0.038877823470352804
47-70,0.0363907122293379
69-72,0.0324246348450741
259-291,0.031966122435435604
155-177,0.030879183260270802
223-259,0.0297793915521122
189-191,0.0271995449101529
161-173,0.0230263270272478
207-274,0.0221574533198256
187-189,0.0206485347449138
123-302,0.0203422246851587
215-259,0.0199032360692186
77-175,0.018994751125804
154-161,0.0189508278883573
66-71,0.0165796278347251
44-67,0.0132021100002611
76-178,0.0121945016379559
122-301,0.0095005440444309
193-239,0.0083293194286546
160-195,0.007844399790225
124-225,0.00764035916048
70-74,0.0076266513016375
259-284,0.007494467657526401
69-73,0.006653805404815799
50-104,0.0064282319366536
113-195,0.0060447599615913
47-74,0.0056222673170161
180-182,0.0054239780330029
293-295,0.005343033182127
