Pair,Importance
191-193,2.5926087399999997
73-177,1.95728178
208-277,0.15413863100000003
208-212,0.0856909649
197-207,0.0552090071
199-207,0.0445499247
76-177,0.0431754159
208-276,0.0133094527
122-302,0.009604004
206-210,0.0093143784
