Pair,Importance
129-294,0.02414811276309643
131-256,0.022354346647676656
208-211,0.022165448688861597
94-102,0.02184348979100229
154-161,0.02159775268341306
189-191,0.020912260889420872
259-291,0.02025735504788605
200-206,0.020047925062712666
146-151,0.01938085633067729
32-55,0.01918671893145232
124-300,0.018268973628804402
77-175,0.018264807040839704
132-294,0.017794893332318776
208-276,0.01748608771636118
39-59,0.017445062518983655
213-229,0.017288916883473462
47-74,0.016439453047994837
208-271,0.016219442338888338
179-183,0.01580706020080556
53-106,0.015517325868353068
256-291,0.01548360268731499
262-287,0.01514840683023482
116-122,0.015121024107776958
301-303,0.014927357701907987
80-176,0.014670112329801524
161-176,0.014438935882223487
206-210,0.01426702779560445
208-277,0.013195681084022179
122-301,0.012787567989932745
121-303,0.01259468025050431
81-90,0.012480775571268215
172-174,0.012376138552048
50-104,0.01237059303708999
207-274,0.012337116203831633
191-193,0.012221264960249119
83-149,0.012140974265757004
83-150,0.011782714245518978
168-297,0.010985264730088337
232-238,0.010884212376924031
87-170,0.010198472291046477
156-196,0.010065373971528931
155-177,0.008907713084935329
124-225,0.008826398693021003
113-195,0.008435942446642218
76-178,0.008371766925438123
63-77,0.008335289390907273
145-154,0.00805900807956082
114-160,0.007981166258187863
81-89,0.007852135503601601
293-295,0.007378012750932164
259-283,0.007087497310115214
128-292,0.00655423480873035
58-93,0.005642054274275672
81-174,0.005097266573488424
89-141,0.004486238113143779
145-211,0.004395762605823379
199-207,0.003850353459692506
195-228,0.003173011920051401
197-207,0.002977084466717877
288-294,0.0025040338116399676
123-299,0.002185303772323717
215-259,0.002154052382839504
83-148,0.002095552241215993
145-155,0.00200513301978798
297-299,0.0006064963217744804
116-218,8.403241649716152e-05
