Pair,Importance
161-176,0.05051324548973427
256-291,0.03518659026583951
81-89,0.03132734159464806
124-225,0.029247758318008868
63-77,0.02576338237309203
32-55,0.025651765761665335
122-301,0.02517571768733518
124-300,0.0225733093756762
129-294,0.021553182196223358
262-287,0.021457889640641704
208-276,0.020729195498046527
121-303,0.019786367751961468
191-193,0.019156888751543828
50-104,0.01853420503095212
53-106,0.018266778720167468
116-218,0.017729561024126466
168-297,0.017719787622346397
207-274,0.017169302628591936
301-303,0.016985061774312582
128-292,0.0163875078170888
195-228,0.016295555696171766
123-299,0.015539819614686414
232-238,0.015463522669583729
77-175,0.014766038901447164
199-207,0.014319402612134097
145-154,0.01383986182436296
145-155,0.013722669752354817
114-160,0.013676682983080272
155-177,0.013479652219930098
213-229,0.01316629676362367
89-141,0.012465884731818986
131-256,0.012373971245955075
297-299,0.012221139654986847
83-149,0.01213624826266164
197-207,0.012133216281265647
80-176,0.012031938444031881
58-93,0.011764994207473461
94-102,0.01166306390012805
259-291,0.011643027638759627
293-295,0.011427944281117278
259-283,0.010997794404389591
132-294,0.010737801220875393
288-294,0.0101300485312174
146-151,0.009695902719230319
116-122,0.009218517453280126
189-191,0.009049079088874404
200-206,0.008334482048496149
39-59,0.007402275946904589
81-174,0.006952170217125406
206-210,0.006659865760668755
179-183,0.006438520224732243
145-211,0.00624301228027201
113-195,0.006030718320359888
87-170,0.00601812139203686
208-271,0.005874214649669776
208-277,0.005284576155977172
172-174,0.005133954931965661
81-90,0.004985864816741636
83-150,0.004917643735348225
208-211,0.004647864922125685
156-196,0.00463496436647886
47-74,0.004218394877844604
76-178,0.0029729057687220006
215-259,0.0024640541448504804
154-161,0.0013631985984335563
83-148,0.0006285536758709693
