Pair,Importance
294-296,0.4261426278533425
44-48,0.3426870805975587
161-176,0.3288779963336775
44-49,0.3237668852981678
207-271,0.3186063201519254
182-184,0.31630481303611857
154-211,0.3076173144339738
191-193,0.2723067075123684
45-48,0.2567449536565868
207-274,0.2504716925669201
244-269,0.2503033986884225
156-196,0.23965062936228448
199-207,0.2390419119247009
197-207,0.2208168677067887
202-204,0.2068276432060479
159-195,0.19642939861875702
113-195,0.1830830782272453
208-271,0.1800791345651492
81-90,0.1731180441560106
156-210,0.1698923645575808
194-217,0.16278157712547742
107-110,0.1616116597706881
62-96,0.1543089939529602
116-122,0.1479333027318821
83-148,0.1376736612258201
107-164,0.1365981019268524
252-267,0.1320552052094339
199-204,0.1314656059703519
160-195,0.1299923472598642
80-176,0.1267039841730801
244-248,0.120297641099197
37-39,0.11928312542093751
71-75,0.1187079710238885
259-283,0.10877504744449909
232-238,0.1075298020162546
198-248,0.1010217111230699
256-287,0.09843059008520111
158-214,0.09648379296559051
42-106,0.0919100831044161
168-297,0.0817890284278332
64-99,0.0808662937625743
83-149,0.0744903383147557
213-229,0.0726265037971422
81-174,0.0640514915029324
192-195,0.0639581758347845
217-229,0.0566072830367869
85-89,0.051758803469511096
72-76,0.0515239455324466
116-133,0.048994421363031705
131-255,0.0471755656149783
89-141,0.046608035693148496
197-243,0.0463872866908379
108-167,0.0454322231810577
90-165,0.0434605125135901
209-277,0.03915454887000013
215-259,0.039089316983796
85-91,0.0367221336655413
136-169,0.035122415751119
28-94,0.0310659525193382
226-230,0.0308870896786854
