,Importance,Cumulative
81-90,0.05,0.05
256-291,0.05,0.1
293-295,0.04,0.14
259-291,0.04,0.18000000000000002
200-206,0.04,0.22000000000000003
155-177,0.04,0.26
128-292,0.04,0.3
124-300,0.04,0.33999999999999997
124-225,0.04,0.37999999999999995
207-274,0.03,0.4099999999999999
208-271,0.03,0.43999999999999995
116-218,0.03,0.47
83-150,0.03,0.5
122-301,0.03,0.53
199-207,0.03,0.56
47-74,0.03,0.5900000000000001
161-176,0.03,0.6200000000000001
154-161,0.02,0.6400000000000001
76-178,0.02,0.6600000000000001
77-175,0.02,0.6800000000000002
208-277,0.02,0.7000000000000002
208-276,0.02,0.7200000000000002
206-210,0.02,0.7400000000000002
301-303,0.02,0.7600000000000002
179-183,0.02,0.7800000000000002
81-89,0.02,0.8000000000000003
145-211,0.02,0.8200000000000003
145-155,0.02,0.8400000000000003
297-299,0.02,0.8600000000000003
87-170,0.02,0.8800000000000003
63-77,0.01,0.8900000000000003
197-207,0.01,0.9000000000000004
89-141,0.01,0.9100000000000004
191-193,0.01,0.9200000000000004
156-196,0.01,0.9300000000000004
50-104,0.01,0.9400000000000004
288-294,0.01,0.9500000000000004
208-211,0.01,0.9600000000000004
259-283,0.01,0.9700000000000004
129-294,0.01,0.9800000000000004
39-59,0.01,0.9900000000000004
94-102,0.01,1.0000000000000004
213-229,0.0,1.0000000000000004
232-238,0.0,1.0000000000000004
32-55,0.0,1.0000000000000004
114-160,0.0,1.0000000000000004
215-259,0.0,1.0000000000000004
83-148,0.0,1.0000000000000004
131-256,0.0,1.0000000000000004
116-122,0.0,1.0000000000000004
123-299,0.0,1.0000000000000004
168-297,0.0,1.0000000000000004
172-174,0.0,1.0000000000000004
58-93,0.0,1.0000000000000004
121-303,0.0,1.0000000000000004
132-294,0.0,1.0000000000000004
145-154,0.0,1.0000000000000004
146-151,0.0,1.0000000000000004
189-191,0.0,1.0000000000000004
262-287,0.0,1.0000000000000004
83-149,0.0,1.0000000000000004
53-106,0.0,1.0000000000000004
80-176,0.0,1.0000000000000004
81-174,0.0,1.0000000000000004
113-195,0.0,1.0000000000000004
195-228,0.0,1.0000000000000004
