,Importance,Cumulative
81-90,0.05,0.05
256-291,0.04,0.09
128-292,0.04,0.13
155-177,0.04,0.17
47-74,0.04,0.21000000000000002
293-295,0.04,0.25
200-206,0.04,0.29
259-291,0.04,0.32999999999999996
124-225,0.04,0.36999999999999994
124-300,0.03,0.3999999999999999
208-271,0.03,0.42999999999999994
122-301,0.03,0.45999999999999996
83-150,0.03,0.49
145-211,0.03,0.52
145-155,0.03,0.55
208-277,0.02,0.5700000000000001
262-287,0.02,0.5900000000000001
77-175,0.02,0.6100000000000001
63-77,0.02,0.6300000000000001
76-178,0.02,0.6500000000000001
206-210,0.02,0.6700000000000002
81-89,0.02,0.6900000000000002
207-274,0.02,0.7100000000000002
199-207,0.02,0.7300000000000002
208-276,0.02,0.7500000000000002
50-104,0.02,0.7700000000000002
154-161,0.02,0.7900000000000003
116-218,0.02,0.8100000000000003
179-183,0.02,0.8300000000000003
161-176,0.02,0.8500000000000003
297-299,0.02,0.8700000000000003
94-102,0.02,0.8900000000000003
87-170,0.02,0.9100000000000004
191-193,0.01,0.9200000000000004
197-207,0.01,0.9300000000000004
89-141,0.01,0.9400000000000004
301-303,0.01,0.9500000000000004
208-211,0.01,0.9600000000000004
129-294,0.01,0.9700000000000004
132-294,0.01,0.9800000000000004
215-259,0.01,0.9900000000000004
288-294,0.01,1.0000000000000004
156-196,0.0,1.0000000000000004
39-59,0.0,1.0000000000000004
213-229,0.0,1.0000000000000004
259-283,0.0,1.0000000000000004
114-160,0.0,1.0000000000000004
232-238,0.0,1.0000000000000004
32-55,0.0,1.0000000000000004
83-148,0.0,1.0000000000000004
131-256,0.0,1.0000000000000004
116-122,0.0,1.0000000000000004
113-195,0.0,1.0000000000000004
81-174,0.0,1.0000000000000004
80-176,0.0,1.0000000000000004
53-106,0.0,1.0000000000000004
83-149,0.0,1.0000000000000004
189-191,0.0,1.0000000000000004
146-151,0.0,1.0000000000000004
145-154,0.0,1.0000000000000004
121-303,0.0,1.0000000000000004
58-93,0.0,1.0000000000000004
172-174,0.0,1.0000000000000004
168-297,0.0,1.0000000000000004
123-299,0.0,1.0000000000000004
195-228,0.0,1.0000000000000004
